date,country,countryCode,province,provinceCode,city,cityCode,confirmed,suspected,cured,dead
2021-01-09,荷属安的列斯,,,,,,4422,0,3520,18
2021-01-09,圣马丁,,,,,,1531,0,1394,27
2021-01-09,钻石公主号邮轮,,,,,,712,0,653,13
2021-01-09,安道尔,AD,,,,,8489,0,7724,84
2021-01-09,阿联酋,AE,,,,,224704,0,201396,697
2021-01-09,阿富汗,AF,,,,,53400,0,43440,2264
2021-01-09,安提瓜和巴布达,AG,,,,,167,0,150,5
2021-01-09,安圭拉,AI,,,,,15,0,13,0
2021-01-09,阿尔巴尼亚,AL,,,,,62378,0,36971,1230
2021-01-09,亚美尼亚,AM,,,,,161415,0,147961,2908
2021-01-09,安哥拉,AO,,,,,18066,0,12712,415
2021-01-09,阿根廷,AR,,,,,1690006,0,1484794,44122
2021-01-09,奥地利,AT,,,,,376793,0,349215,6641
2021-01-09,澳大利亚,AU,,,,,28571,0,25817,909
2021-01-09,阿鲁巴,AW,,,,,5977,0,5389,50
2021-01-09,阿塞拜疆,AZ,,,,,223417,0,205406,2869
2021-01-09,波黑,BA,,,,,114920,0,80868,4285
2021-01-09,巴巴多斯,BB,,,,,780,0,335,7
2021-01-09,孟加拉国,BD,,,,,520690,0,465279,7734
2021-01-09,比利时,BE,,,,,658655,0,45744,19936
2021-01-09,布基纳法索,BF,,,,,7713,0,5533,89
2021-01-09,保加利亚,BG,,,,,208012,0,134022,8078
2021-01-09,巴林,BH,,,,,95030,0,91875,354
2021-01-09,布隆迪,BI,,,,,885,0,773,2
2021-01-09,贝宁,BJ,,,,,3304,0,3185,44
2021-01-09,圣巴泰勒米,BL,,,,,206,0,172,1
2021-01-09,百慕大,BM,,,,,641,0,538,12
2021-01-09,文莱,BN,,,,,173,0,149,3
2021-01-09,玻利维亚,BO,,,,,168891,0,136266,9304
2021-01-09,巴西,BR,,,,,8013708,0,7096931,201460
2021-01-09,巴哈马,BS,,,,,7969,0,6313,175
2021-01-09,不丹,BT,,,,,771,0,465,1
2021-01-09,博茨瓦纳,BW,,,,,16050,0,12927,48
2021-01-09,白俄罗斯,BY,,,,,208601,0,190966,1498
2021-01-09,伯利兹,BZ,,,,,11202,0,10362,271
2021-01-09,加拿大,CA,,,,,642548,0,544311,16665
2021-01-09,刚果（金）,CD,,,,,18969,0,14743,611
2021-01-09,中非,CF,,,,,4969,0,4885,63
2021-01-09,刚果（布）,CG,,,,,7127,0,5846,108
2021-01-09,瑞士,CH,,,,,477983,0,317600,8230
2021-01-09,科特迪瓦,CI,,,,,23254,0,22325,139
2021-01-09,智利,CL,,,,,633381,0,595799,16974
2021-01-09,喀麦隆,CM,,,,,26848,0,24892,448
2021-01-09,中国,CN,,,,,97387,1,91262,4796
2021-01-09,中国,CN,北京市,110000,,,995,0,948,9
2021-01-09,中国,CN,北京市,110000,未公布来源,1100xx,6,0,728,9
2021-01-09,中国,CN,北京市,110000,外地来京,1100xy,26,0,2,0
2021-01-09,中国,CN,北京市,110000,境外输入,1100y0,205,0,194,0
2021-01-09,中国,CN,北京市,110000,东城区,110101,19,0,0,0
2021-01-09,中国,CN,北京市,110000,西城区,110102,59,0,2,0
2021-01-09,中国,CN,北京市,110000,朝阳区,110105,79,0,1,0
2021-01-09,中国,CN,北京市,110000,丰台区,110106,273,0,3,0
2021-01-09,中国,CN,北京市,110000,石景山区,110107,15,0,1,0
2021-01-09,中国,CN,北京市,110000,海淀区,110108,82,0,0,0
2021-01-09,中国,CN,北京市,110000,门头沟区,110109,5,0,0,0
2021-01-09,中国,CN,北京市,110000,房山区,110111,19,0,0,0
2021-01-09,中国,CN,北京市,110000,通州区,110112,20,0,0,0
2021-01-09,中国,CN,北京市,110000,顺义区,110113,37,0,0,0
2021-01-09,中国,CN,北京市,110000,昌平区,110114,30,0,1,0
2021-01-09,中国,CN,北京市,110000,大兴区,110115,104,0,16,0
2021-01-09,中国,CN,北京市,110000,怀柔区,110116,8,0,0,0
2021-01-09,中国,CN,北京市,110000,平谷区,110117,0,0,0,0
2021-01-09,中国,CN,北京市,110000,密云区,110118,7,0,0,0
2021-01-09,中国,CN,北京市,110000,延庆区,110119,1,0,0,0
2021-01-09,中国,CN,天津市,120000,,,316,0,303,3
2021-01-09,中国,CN,天津市,120000,外地来津,1200xy,6,0,6,0
2021-01-09,中国,CN,天津市,120000,境外输入,1200y0,169,0,159,0
2021-01-09,中国,CN,天津市,120000,和平区,120101,6,0,6,0
2021-01-09,中国,CN,天津市,120000,河东区,120102,15,0,14,1
2021-01-09,中国,CN,天津市,120000,河西区,120103,4,0,4,0
2021-01-09,中国,CN,天津市,120000,南开区,120104,6,0,6,0
2021-01-09,中国,CN,天津市,120000,河北区,120105,12,0,12,0
2021-01-09,中国,CN,天津市,120000,红桥区,120106,2,0,2,0
2021-01-09,中国,CN,天津市,120000,东丽区,120110,4,0,4,0
2021-01-09,中国,CN,天津市,120000,西青区,120111,4,0,4,0
2021-01-09,中国,CN,天津市,120000,津南区,120112,2,0,2,0
2021-01-09,中国,CN,天津市,120000,北辰区,120113,7,0,7,0
2021-01-09,中国,CN,天津市,120000,武清区,120114,2,0,2,0
2021-01-09,中国,CN,天津市,120000,宝坻区,120115,60,0,58,2
2021-01-09,中国,CN,天津市,120000,滨海新区,120116,13,0,13,0
2021-01-09,中国,CN,天津市,120000,宁河区,120117,4,0,4,0
2021-01-09,中国,CN,天津市,120000,静海区,120118,0,0,0,0
2021-01-09,中国,CN,天津市,120000,蓟州区,120119,0,0,0,0
2021-01-09,中国,CN,河北省,130000,,,512,0,367,6
2021-01-09,中国,CN,河北省,130000,境外输入,1300y0,36,0,34,0
2021-01-09,中国,CN,河北省,130000,石家庄市,130100,157,0,29,0
2021-01-09,中国,CN,河北省,130000,唐山市,130200,58,0,57,1
2021-01-09,中国,CN,河北省,130000,秦皇岛市,130300,10,0,9,1
2021-01-09,中国,CN,河北省,130000,邯郸市,130400,32,0,32,0
2021-01-09,中国,CN,河北省,130000,邢台市,130500,32,0,22,1
2021-01-09,中国,CN,河北省,130000,保定市,130600,34,0,34,0
2021-01-09,中国,CN,河北省,130000,雄县,130638,13,0,13,0
2021-01-09,中国,CN,河北省,130000,定州市,130682,1,0,1,0
2021-01-09,中国,CN,河北省,130000,张家口市,130700,43,0,43,0
2021-01-09,中国,CN,河北省,130000,承德市,130800,7,0,7,0
2021-01-09,中国,CN,河北省,130000,沧州市,130900,49,0,46,3
2021-01-09,中国,CN,河北省,130000,廊坊市,131000,32,0,32,0
2021-01-09,中国,CN,河北省,130000,衡水市,131100,8,0,8,0
2021-01-09,中国,CN,山西省,140000,,,225,0,222,0
2021-01-09,中国,CN,山西省,140000,境外输入,1400y0,91,0,88,0
2021-01-09,中国,CN,山西省,140000,太原市,140100,21,0,21,0
2021-01-09,中国,CN,山西省,140000,大同市,140200,12,0,12,0
2021-01-09,中国,CN,山西省,140000,阳泉市,140300,4,0,4,0
2021-01-09,中国,CN,山西省,140000,长治市,140400,8,0,8,0
2021-01-09,中国,CN,山西省,140000,晋城市,140500,10,0,10,0
2021-01-09,中国,CN,山西省,140000,朔州市,140600,8,0,8,0
2021-01-09,中国,CN,山西省,140000,晋中市,140700,37,0,37,0
2021-01-09,中国,CN,山西省,140000,运城市,140800,19,0,19,0
2021-01-09,中国,CN,山西省,140000,忻州市,140900,7,0,7,0
2021-01-09,中国,CN,山西省,140000,临汾市,141000,2,0,2,0
2021-01-09,中国,CN,山西省,140000,吕梁市,141100,6,0,6,0
2021-01-09,中国,CN,内蒙古自治区,150000,,,366,0,346,1
2021-01-09,中国,CN,内蒙古自治区,150000,境外输入,1500y0,261,0,242,0
2021-01-09,中国,CN,内蒙古自治区,150000,呼和浩特市,150100,7,0,7,0
2021-01-09,中国,CN,内蒙古自治区,150000,包头市,150200,11,0,11,0
2021-01-09,中国,CN,内蒙古自治区,150000,乌海市,150300,2,0,2,0
2021-01-09,中国,CN,内蒙古自治区,150000,赤峰市,150400,9,0,9,0
2021-01-09,中国,CN,内蒙古自治区,150000,通辽市,150500,7,0,7,0
2021-01-09,中国,CN,内蒙古自治区,150000,鄂尔多斯市,150600,11,0,11,0
2021-01-09,中国,CN,内蒙古自治区,150000,呼伦贝尔市,150700,37,0,37,0
2021-01-09,中国,CN,内蒙古自治区,150000,巴彦淖尔市,150800,8,0,7,1
2021-01-09,中国,CN,内蒙古自治区,150000,乌兰察布市,150900,3,0,3,0
2021-01-09,中国,CN,内蒙古自治区,150000,兴安盟,152200,1,0,1,0
2021-01-09,中国,CN,内蒙古自治区,150000,锡林郭勒盟,152500,9,0,9,0
2021-01-09,中国,CN,内蒙古自治区,150000,阿拉善盟,152900,0,0,0,0
2021-01-09,中国,CN,辽宁省,210000,,,384,0,306,2
2021-01-09,中国,CN,辽宁省,210000,境外输入,2100y0,72,0,65,0
2021-01-09,中国,CN,辽宁省,210000,沈阳市,210100,67,0,36,0
2021-01-09,中国,CN,辽宁省,210000,大连市,210200,161,0,127,0
2021-01-09,中国,CN,辽宁省,210000,鞍山市,210300,4,0,4,0
2021-01-09,中国,CN,辽宁省,210000,抚顺市,210400,1,0,1,0
2021-01-09,中国,CN,辽宁省,210000,本溪市,210500,3,0,3,0
2021-01-09,中国,CN,辽宁省,210000,丹东市,210600,11,0,11,0
2021-01-09,中国,CN,辽宁省,210000,锦州市,210700,12,0,12,0
2021-01-09,中国,CN,辽宁省,210000,营口市,210800,5,0,1,0
2021-01-09,中国,CN,辽宁省,210000,阜新市,210900,8,0,8,0
2021-01-09,中国,CN,辽宁省,210000,辽阳市,211000,3,0,3,0
2021-01-09,中国,CN,辽宁省,210000,盘锦市,211100,11,0,11,0
2021-01-09,中国,CN,辽宁省,210000,铁岭市,211200,8,0,8,0
2021-01-09,中国,CN,辽宁省,210000,朝阳市,211300,6,0,5,1
2021-01-09,中国,CN,辽宁省,210000,葫芦岛市,211400,12,0,11,1
2021-01-09,中国,CN,吉林省,220000,,,157,0,155,2
2021-01-09,中国,CN,吉林省,220000,公主岭,136100,6,0,6,0
2021-01-09,中国,CN,吉林省,220000,境外输入,2200y0,19,0,19,0
2021-01-09,中国,CN,吉林省,220000,长春市,220100,45,0,45,0
2021-01-09,中国,CN,吉林省,220000,吉林市,220200,48,0,47,1
2021-01-09,中国,CN,吉林省,220000,四平市,220300,17,0,16,1
2021-01-09,中国,CN,吉林省,220000,辽源市,220400,7,0,7,0
2021-01-09,中国,CN,吉林省,220000,通化市,220500,6,0,6,0
2021-01-09,中国,CN,吉林省,220000,白山市,220600,0,0,0,0
2021-01-09,中国,CN,吉林省,220000,松原市,220700,2,0,2,0
2021-01-09,中国,CN,吉林省,220000,白城市,220800,1,0,1,0
2021-01-09,中国,CN,吉林省,220000,梅河口,220a61,1,0,1,0
2021-01-09,中国,CN,吉林省,220000,延边朝鲜族自治州,222400,5,0,5,0
2021-01-09,中国,CN,黑龙江省,230000,,,971,0,949,13
2021-01-09,中国,CN,黑龙江省,230000,未公布来源,2300xx,2,0,2,0
2021-01-09,中国,CN,黑龙江省,230000,境外输入,2300y0,389,0,389,0
2021-01-09,中国,CN,黑龙江省,230000,哈尔滨市,230100,264,0,260,4
2021-01-09,中国,CN,黑龙江省,230000,齐齐哈尔市,230200,43,0,42,1
2021-01-09,中国,CN,黑龙江省,230000,鸡西市,230300,46,0,46,0
2021-01-09,中国,CN,黑龙江省,230000,鹤岗市,230400,5,0,5,0
2021-01-09,中国,CN,黑龙江省,230000,双鸭山市,230500,52,0,49,3
2021-01-09,中国,CN,黑龙江省,230000,大庆市,230600,27,0,26,1
2021-01-09,中国,CN,黑龙江省,230000,伊春市,230700,1,0,1,0
2021-01-09,中国,CN,黑龙江省,230000,佳木斯市,230800,15,0,15,0
2021-01-09,中国,CN,黑龙江省,230000,七台河市,230900,17,0,17,0
2021-01-09,中国,CN,黑龙江省,230000,牡丹江市,231000,36,0,36,0
2021-01-09,中国,CN,黑龙江省,230000,黑河市,231100,24,0,15,0
2021-01-09,中国,CN,黑龙江省,230000,绥化市,231200,47,0,43,4
2021-01-09,中国,CN,黑龙江省,230000,大兴安岭地区,232700,3,0,3,0
2021-01-09,中国,CN,上海市,310000,,,1551,0,1446,7
2021-01-09,中国,CN,上海市,310000,外地来沪,3100xy,113,0,112,1
2021-01-09,中国,CN,上海市,310000,境外输入,3100y0,1202,0,1104,0
2021-01-09,中国,CN,上海市,310000,境外来沪,3100y1,1,0,1,0
2021-01-09,中国,CN,上海市,310000,黄浦区,310101,6,0,5,1
2021-01-09,中国,CN,上海市,310000,徐汇区,310104,18,0,17,1
2021-01-09,中国,CN,上海市,310000,长宁区,310105,13,0,13,0
2021-01-09,中国,CN,上海市,310000,静安区,310106,16,0,15,1
2021-01-09,中国,CN,上海市,310000,普陀区,310107,11,0,11,0
2021-01-09,中国,CN,上海市,310000,虹口区,310109,7,0,7,0
2021-01-09,中国,CN,上海市,310000,杨浦区,310110,9,0,9,0
2021-01-09,中国,CN,上海市,310000,闵行区,310112,19,0,19,0
2021-01-09,中国,CN,上海市,310000,宝山区,310113,22,0,21,1
2021-01-09,中国,CN,上海市,310000,嘉定区,310114,9,0,7,2
2021-01-09,中国,CN,上海市,310000,浦东新区,310115,68,0,68,0
2021-01-09,中国,CN,上海市,310000,金山区,310116,4,0,4,0
2021-01-09,中国,CN,上海市,310000,松江区,310117,14,0,14,0
2021-01-09,中国,CN,上海市,310000,青浦区,310118,6,0,6,0
2021-01-09,中国,CN,上海市,310000,奉贤区,310120,9,0,9,0
2021-01-09,中国,CN,上海市,310000,崇明区,310151,4,0,4,0
2021-01-09,中国,CN,江苏省,320000,,,686,0,684,0
2021-01-09,中国,CN,江苏省,320000,境外输入,3200y0,55,0,53,0
2021-01-09,中国,CN,江苏省,320000,南京市,320100,93,0,93,0
2021-01-09,中国,CN,江苏省,320000,无锡市,320200,55,0,55,0
2021-01-09,中国,CN,江苏省,320000,徐州市,320300,79,0,79,0
2021-01-09,中国,CN,江苏省,320000,常州市,320400,51,0,51,0
2021-01-09,中国,CN,江苏省,320000,苏州市,320500,87,0,87,0
2021-01-09,中国,CN,江苏省,320000,南通市,320600,40,0,40,0
2021-01-09,中国,CN,江苏省,320000,连云港市,320700,48,0,48,0
2021-01-09,中国,CN,江苏省,320000,淮安市,320800,66,0,66,0
2021-01-09,中国,CN,江苏省,320000,盐城市,320900,27,0,27,0
2021-01-09,中国,CN,江苏省,320000,扬州市,321000,23,0,23,0
2021-01-09,中国,CN,江苏省,320000,镇江市,321100,12,0,12,0
2021-01-09,中国,CN,江苏省,320000,泰州市,321200,37,0,37,0
2021-01-09,中国,CN,江苏省,320000,宿迁市,321300,13,0,13,0
2021-01-09,中国,CN,浙江省,330000,,,1306,0,1296,1
2021-01-09,中国,CN,浙江省,330000,省十里丰监狱,3300y0,36,0,36,0
2021-01-09,中国,CN,浙江省,330000,境外输入,3300y1,87,0,78,0
2021-01-09,中国,CN,浙江省,330000,划归外省,3300y2,0,0,0,0
2021-01-09,中国,CN,浙江省,330000,杭州市,330100,181,0,181,0
2021-01-09,中国,CN,浙江省,330000,宁波市,330200,157,0,157,0
2021-01-09,中国,CN,浙江省,330000,温州市,330300,504,0,503,1
2021-01-09,中国,CN,浙江省,330000,嘉兴市,330400,46,0,46,0
2021-01-09,中国,CN,浙江省,330000,湖州市,330500,10,0,10,0
2021-01-09,中国,CN,浙江省,330000,绍兴市,330600,42,0,42,0
2021-01-09,中国,CN,浙江省,330000,金华市,330700,55,0,55,0
2021-01-09,中国,CN,浙江省,330000,衢州市,330800,14,0,14,0
2021-01-09,中国,CN,浙江省,330000,舟山市,330900,10,0,10,0
2021-01-09,中国,CN,浙江省,330000,台州市,331000,147,0,147,0
2021-01-09,中国,CN,浙江省,330000,丽水市,331100,17,0,17,0
2021-01-09,中国,CN,安徽省,340000,,,993,0,986,6
2021-01-09,中国,CN,安徽省,340000,境外输入,3400y0,2,0,1,0
2021-01-09,中国,CN,安徽省,340000,合肥市,340100,174,0,173,1
2021-01-09,中国,CN,安徽省,340000,芜湖市,340200,34,0,34,0
2021-01-09,中国,CN,安徽省,340000,蚌埠市,340300,160,0,155,5
2021-01-09,中国,CN,安徽省,340000,淮南市,340400,27,0,27,0
2021-01-09,中国,CN,安徽省,340000,马鞍山市,340500,38,0,38,0
2021-01-09,中国,CN,安徽省,340000,淮北市,340600,27,0,27,0
2021-01-09,中国,CN,安徽省,340000,铜陵市,340700,29,0,29,0
2021-01-09,中国,CN,安徽省,340000,安庆市,340800,83,0,83,0
2021-01-09,中国,CN,安徽省,340000,黄山市,341000,9,0,9,0
2021-01-09,中国,CN,安徽省,340000,滁州市,341100,13,0,13,0
2021-01-09,中国,CN,安徽省,340000,阜阳市,341200,156,0,156,0
2021-01-09,中国,CN,安徽省,340000,宿州市,341300,41,0,41,0
2021-01-09,中国,CN,安徽省,340000,六安市,341500,69,0,69,0
2021-01-09,中国,CN,安徽省,340000,亳州市,341600,108,0,108,0
2021-01-09,中国,CN,安徽省,340000,池州市,341700,17,0,17,0
2021-01-09,中国,CN,安徽省,340000,宣城市,341800,6,0,6,0
2021-01-09,中国,CN,福建省,350000,,,519,0,495,1
2021-01-09,中国,CN,福建省,350000,境外输入,3500y0,223,0,200,0
2021-01-09,中国,CN,福建省,350000,福州市,350100,72,0,71,1
2021-01-09,中国,CN,福建省,350000,厦门市,350200,35,0,35,0
2021-01-09,中国,CN,福建省,350000,莆田市,350300,56,0,56,0
2021-01-09,中国,CN,福建省,350000,三明市,350400,14,0,14,0
2021-01-09,中国,CN,福建省,350000,泉州市,350500,47,0,47,0
2021-01-09,中国,CN,福建省,350000,漳州市,350600,20,0,20,0
2021-01-09,中国,CN,福建省,350000,南平市,350700,20,0,20,0
2021-01-09,中国,CN,福建省,350000,龙岩市,350800,6,0,6,0
2021-01-09,中国,CN,福建省,350000,宁德市,350900,26,0,26,0
2021-01-09,中国,CN,江西省,360000,,,935,0,934,1
2021-01-09,中国,CN,江西省,360000,赣江新区,3600db,1,0,1,0
2021-01-09,中国,CN,江西省,360000,境外输入,3600y0,5,0,5,0
2021-01-09,中国,CN,江西省,360000,南昌市,360100,230,0,230,0
2021-01-09,中国,CN,江西省,360000,景德镇市,360200,6,0,6,0
2021-01-09,中国,CN,江西省,360000,萍乡市,360300,33,0,33,0
2021-01-09,中国,CN,江西省,360000,九江市,360400,116,0,116,0
2021-01-09,中国,CN,江西省,360000,新余市,360500,129,0,129,0
2021-01-09,中国,CN,江西省,360000,鹰潭市,360600,18,0,18,0
2021-01-09,中国,CN,江西省,360000,赣州市,360700,74,0,73,1
2021-01-09,中国,CN,江西省,360000,吉安市,360800,22,0,22,0
2021-01-09,中国,CN,江西省,360000,宜春市,360900,106,0,106,0
2021-01-09,中国,CN,江西省,360000,抚州市,361000,72,0,72,0
2021-01-09,中国,CN,江西省,360000,上饶市,361100,123,0,123,0
2021-01-09,中国,CN,山东省,370000,,,863,0,852,7
2021-01-09,中国,CN,山东省,370000,境外输入,3700y0,86,0,82,0
2021-01-09,中国,CN,山东省,370000,济南市,370100,47,0,47,0
2021-01-09,中国,CN,山东省,370000,青岛市,370200,79,0,78,1
2021-01-09,中国,CN,山东省,370000,淄博市,370300,30,0,29,1
2021-01-09,中国,CN,山东省,370000,枣庄市,370400,24,0,24,0
2021-01-09,中国,CN,山东省,370000,东营市,370500,0,0,0,0
2021-01-09,中国,CN,山东省,370000,烟台市,370600,47,0,47,0
2021-01-09,中国,CN,山东省,370000,潍坊市,370700,44,0,44,0
2021-01-09,中国,CN,山东省,370000,济宁市,370800,260,0,260,0
2021-01-09,中国,CN,山东省,370000,泰安市,370900,35,0,33,2
2021-01-09,中国,CN,山东省,370000,威海市,371000,38,0,37,1
2021-01-09,中国,CN,山东省,370000,日照市,371100,16,0,16,0
2021-01-09,中国,CN,山东省,370000,临沂市,371300,49,0,49,0
2021-01-09,中国,CN,山东省,370000,德州市,371400,37,0,35,2
2021-01-09,中国,CN,山东省,370000,聊城市,371500,38,0,38,0
2021-01-09,中国,CN,山东省,370000,滨州市,371600,15,0,15,0
2021-01-09,中国,CN,山东省,370000,菏泽市,371700,18,0,18,0
2021-01-09,中国,CN,河南省,410000,,,1301,0,1273,22
2021-01-09,中国,CN,河南省,410000,境外输入,4100y0,28,0,22,0
2021-01-09,中国,CN,河南省,410000,郑州市,410100,157,0,152,5
2021-01-09,中国,CN,河南省,410000,开封市,410200,26,0,26,0
2021-01-09,中国,CN,河南省,410000,洛阳市,410300,31,0,30,1
2021-01-09,中国,CN,河南省,410000,平顶山市,410400,58,0,57,1
2021-01-09,中国,CN,河南省,410000,安阳市,410500,53,0,53,0
2021-01-09,中国,CN,河南省,410000,鹤壁市,410600,19,0,19,0
2021-01-09,中国,CN,河南省,410000,新乡市,410700,57,0,54,3
2021-01-09,中国,CN,河南省,410000,焦作市,410800,32,0,31,1
2021-01-09,中国,CN,河南省,410000,濮阳市,410900,17,0,17,0
2021-01-09,中国,CN,河南省,410000,许昌市,411000,39,0,38,1
2021-01-09,中国,CN,河南省,410000,漯河市,411100,36,0,36,0
2021-01-09,中国,CN,河南省,410000,三门峡市,411200,7,0,6,1
2021-01-09,中国,CN,河南省,410000,南阳市,411300,156,0,153,3
2021-01-09,中国,CN,河南省,410000,商丘市,411400,91,0,88,3
2021-01-09,中国,CN,河南省,410000,信阳市,411500,274,0,272,2
2021-01-09,中国,CN,河南省,410000,周口市,411600,76,0,75,1
2021-01-09,中国,CN,河南省,410000,驻马店市,411700,139,0,139,0
2021-01-09,中国,CN,河南省,410000,济源市,419001,5,0,5,0
2021-01-09,中国,CN,湖北省,420000,,,68149,0,63637,4512
2021-01-09,中国,CN,湖北省,420000,监狱系统,4200y0,0,0,0,0
2021-01-09,中国,CN,湖北省,420000,境外输入,4200y1,14,0,14,0
2021-01-09,中国,CN,湖北省,420000,武汉市,420100,50340,0,46471,3869
2021-01-09,中国,CN,湖北省,420000,黄石市,420200,1015,0,976,39
2021-01-09,中国,CN,湖北省,420000,十堰市,420300,672,0,664,8
2021-01-09,中国,CN,湖北省,420000,宜昌市,420500,931,0,894,37
2021-01-09,中国,CN,湖北省,420000,襄阳市,420600,1175,0,1135,40
2021-01-09,中国,CN,湖北省,420000,鄂州市,420700,1394,0,1335,59
2021-01-09,中国,CN,湖北省,420000,荆门市,420800,928,0,887,41
2021-01-09,中国,CN,湖北省,420000,孝感市,420900,3518,0,3389,129
2021-01-09,中国,CN,湖北省,420000,荆州市,421000,1580,0,1528,52
2021-01-09,中国,CN,湖北省,420000,黄冈市,421100,2907,0,2782,125
2021-01-09,中国,CN,湖北省,420000,咸宁市,421200,836,0,821,15
2021-01-09,中国,CN,湖北省,420000,随州市,421300,1307,0,1262,45
2021-01-09,中国,CN,湖北省,420000,恩施土家族苗族自治州,422800,252,0,245,7
2021-01-09,中国,CN,湖北省,420000,仙桃市,429004,575,0,553,22
2021-01-09,中国,CN,湖北省,420000,潜江市,429005,198,0,189,9
2021-01-09,中国,CN,湖北省,420000,天门市,429006,496,0,481,15
2021-01-09,中国,CN,湖北省,420000,神农架林区,429021,11,0,11,0
2021-01-09,中国,CN,湖南省,430000,,,1022,0,1016,4
2021-01-09,中国,CN,湖南省,430000,境外输入,4300y0,4,0,2,0
2021-01-09,中国,CN,湖南省,430000,长沙市,430100,242,0,240,2
2021-01-09,中国,CN,湖南省,430000,株洲市,430200,80,0,80,0
2021-01-09,中国,CN,湖南省,430000,湘潭市,430300,36,0,36,0
2021-01-09,中国,CN,湖南省,430000,衡阳市,430400,48,0,48,0
2021-01-09,中国,CN,湖南省,430000,邵阳市,430500,102,0,101,1
2021-01-09,中国,CN,湖南省,430000,岳阳市,430600,156,0,155,1
2021-01-09,中国,CN,湖南省,430000,常德市,430700,82,0,82,0
2021-01-09,中国,CN,湖南省,430000,张家界市,430800,5,0,5,0
2021-01-09,中国,CN,湖南省,430000,益阳市,430900,60,0,60,0
2021-01-09,中国,CN,湖南省,430000,郴州市,431000,39,0,39,0
2021-01-09,中国,CN,湖南省,430000,永州市,431100,44,0,44,0
2021-01-09,中国,CN,湖南省,430000,怀化市,431200,40,0,40,0
2021-01-09,中国,CN,湖南省,430000,娄底市,431300,76,0,76,0
2021-01-09,中国,CN,湖南省,430000,湘西土家族苗族自治州,433100,8,0,8,0
2021-01-09,中国,CN,广东省,440000,,,2067,0,2022,8
2021-01-09,中国,CN,广东省,440000,未公布来源,4400xx,0,0,9,0
2021-01-09,中国,CN,广东省,440000,境外输入,4400y0,0,0,0,0
2021-01-09,中国,CN,广东省,440000,广州市,440100,928,0,898,1
2021-01-09,中国,CN,广东省,440000,韶关市,440200,10,0,9,1
2021-01-09,中国,CN,广东省,440000,深圳市,440300,484,0,473,3
2021-01-09,中国,CN,广东省,440000,珠海市,440400,112,0,111,1
2021-01-09,中国,CN,广东省,440000,汕头市,440500,26,0,26,0
2021-01-09,中国,CN,广东省,440000,佛山市,440600,106,0,102,0
2021-01-09,中国,CN,广东省,440000,江门市,440700,25,0,24,0
2021-01-09,中国,CN,广东省,440000,湛江市,440800,30,0,30,0
2021-01-09,中国,CN,广东省,440000,茂名市,440900,17,0,17,0
2021-01-09,中国,CN,广东省,440000,肇庆市,441200,22,0,19,1
2021-01-09,中国,CN,广东省,440000,惠州市,441300,63,0,63,0
2021-01-09,中国,CN,广东省,440000,梅州市,441400,17,0,17,0
2021-01-09,中国,CN,广东省,440000,汕尾市,441500,6,0,6,0
2021-01-09,中国,CN,广东省,440000,河源市,441600,5,0,5,0
2021-01-09,中国,CN,广东省,440000,阳江市,441700,16,0,14,0
2021-01-09,中国,CN,广东省,440000,清远市,441800,12,0,12,0
2021-01-09,中国,CN,广东省,440000,东莞市,441900,101,0,100,1
2021-01-09,中国,CN,广东省,440000,中山市,442000,69,0,69,0
2021-01-09,中国,CN,广东省,440000,潮州市,445100,7,0,7,0
2021-01-09,中国,CN,广东省,440000,揭阳市,445200,11,0,11,0
2021-01-09,中国,CN,广东省,440000,云浮市,445300,0,0,0,0
2021-01-09,中国,CN,广西壮族自治区,450000,,,264,0,261,2
2021-01-09,中国,CN,广西壮族自治区,450000,境外输入,4500y0,12,0,11,0
2021-01-09,中国,CN,广西壮族自治区,450000,南宁市,450100,55,0,55,0
2021-01-09,中国,CN,广西壮族自治区,450000,柳州市,450200,24,0,24,0
2021-01-09,中国,CN,广西壮族自治区,450000,桂林市,450300,32,0,32,0
2021-01-09,中国,CN,广西壮族自治区,450000,梧州市,450400,5,0,5,0
2021-01-09,中国,CN,广西壮族自治区,450000,北海市,450500,44,0,43,1
2021-01-09,中国,CN,广西壮族自治区,450000,防城港市,450600,19,0,19,0
2021-01-09,中国,CN,广西壮族自治区,450000,钦州市,450700,8,0,8,0
2021-01-09,中国,CN,广西壮族自治区,450000,贵港市,450800,8,0,8,0
2021-01-09,中国,CN,广西壮族自治区,450000,玉林市,450900,11,0,11,0
2021-01-09,中国,CN,广西壮族自治区,450000,百色市,451000,3,0,3,0
2021-01-09,中国,CN,广西壮族自治区,450000,贺州市,451100,4,0,4,0
2021-01-09,中国,CN,广西壮族自治区,450000,河池市,451200,28,0,27,1
2021-01-09,中国,CN,广西壮族自治区,450000,来宾市,451300,11,0,11,0
2021-01-09,中国,CN,广西壮族自治区,450000,崇左市,451400,0,0,0,0
2021-01-09,中国,CN,海南省,460000,,,171,0,165,6
2021-01-09,中国,CN,海南省,460000,境外输入,4600y0,2,0,2,0
2021-01-09,中国,CN,海南省,460000,海口市,460100,39,0,39,0
2021-01-09,中国,CN,海南省,460000,三亚市,460200,55,0,54,1
2021-01-09,中国,CN,海南省,460000,三沙市,460300,0,0,0,0
2021-01-09,中国,CN,海南省,460000,儋州市,460400,15,0,14,1
2021-01-09,中国,CN,海南省,460000,五指山市,469001,0,0,0,0
2021-01-09,中国,CN,海南省,460000,琼海市,469002,6,0,5,1
2021-01-09,中国,CN,海南省,460000,文昌市,469005,3,0,3,0
2021-01-09,中国,CN,海南省,460000,万宁市,469006,13,0,13,0
2021-01-09,中国,CN,海南省,460000,东方市,469007,3,0,2,1
2021-01-09,中国,CN,海南省,460000,定安县,469021,3,0,2,1
2021-01-09,中国,CN,海南省,460000,屯昌县,469022,0,0,0,0
2021-01-09,中国,CN,海南省,460000,澄迈县,469023,9,0,8,1
2021-01-09,中国,CN,海南省,460000,临高县,469024,6,0,6,0
2021-01-09,中国,CN,海南省,460000,白沙黎族自治县,469025,0,0,0,0
2021-01-09,中国,CN,海南省,460000,昌江黎族自治县,469026,7,0,7,0
2021-01-09,中国,CN,海南省,460000,乐东黎族自治县,469027,2,0,2,0
2021-01-09,中国,CN,海南省,460000,陵水黎族自治县,469028,4,0,4,0
2021-01-09,中国,CN,海南省,460000,保亭黎族苗族自治县,469029,3,0,3,0
2021-01-09,中国,CN,海南省,460000,琼中黎族苗族自治县,469030,1,0,1,0
2021-01-09,中国,CN,重庆市,500000,,,590,0,584,6
2021-01-09,中国,CN,重庆市,500000,高新区,400039,4,0,4,0
2021-01-09,中国,CN,重庆市,500000,两江新区,401147,17,0,17,0
2021-01-09,中国,CN,重庆市,500000,境外输入,5000y0,14,0,14,0
2021-01-09,中国,CN,重庆市,500000,万州区,500101,118,0,114,4
2021-01-09,中国,CN,重庆市,500000,涪陵区,500102,5,0,5,0
2021-01-09,中国,CN,重庆市,500000,渝中区,500103,20,0,20,0
2021-01-09,中国,CN,重庆市,500000,大渡口区,500104,7,0,7,0
2021-01-09,中国,CN,重庆市,500000,江北区,500105,28,0,28,0
2021-01-09,中国,CN,重庆市,500000,沙坪坝区,500106,9,0,9,0
2021-01-09,中国,CN,重庆市,500000,九龙坡区,500107,21,0,20,1
2021-01-09,中国,CN,重庆市,500000,南岸区,500108,15,0,15,0
2021-01-09,中国,CN,重庆市,500000,北碚区,500109,0,0,0,0
2021-01-09,中国,CN,重庆市,500000,綦江区,500110,23,0,23,0
2021-01-09,中国,CN,重庆市,500000,大足区,500111,14,0,14,0
2021-01-09,中国,CN,重庆市,500000,渝北区,500112,17,0,17,0
2021-01-09,中国,CN,重庆市,500000,巴南区,500113,6,0,6,0
2021-01-09,中国,CN,重庆市,500000,黔江区,500114,2,0,2,0
2021-01-09,中国,CN,重庆市,500000,长寿区,500115,22,0,22,0
2021-01-09,中国,CN,重庆市,500000,江津区,500116,4,0,4,0
2021-01-09,中国,CN,重庆市,500000,合川区,500117,23,0,23,0
2021-01-09,中国,CN,重庆市,500000,永川区,500118,5,0,5,0
2021-01-09,中国,CN,重庆市,500000,南川区,500119,0,0,0,0
2021-01-09,中国,CN,重庆市,500000,璧山区,500120,9,0,9,0
2021-01-09,中国,CN,重庆市,500000,铜梁区,500151,10,0,10,0
2021-01-09,中国,CN,重庆市,500000,潼南区,500152,18,0,18,0
2021-01-09,中国,CN,重庆市,500000,荣昌区,500153,9,0,9,0
2021-01-09,中国,CN,重庆市,500000,开州区,500154,21,0,20,1
2021-01-09,中国,CN,重庆市,500000,梁平区,500155,4,0,4,0
2021-01-09,中国,CN,重庆市,500000,武隆区,500156,1,0,1,0
2021-01-09,中国,CN,重庆市,500000,城口县,500229,2,0,2,0
2021-01-09,中国,CN,重庆市,500000,丰都县,500230,10,0,10,0
2021-01-09,中国,CN,重庆市,500000,垫江县,500231,20,0,20,0
2021-01-09,中国,CN,重庆市,500000,忠县,500233,21,0,21,0
2021-01-09,中国,CN,重庆市,500000,云阳县,500235,25,0,25,0
2021-01-09,中国,CN,重庆市,500000,奉节县,500236,22,0,22,0
2021-01-09,中国,CN,重庆市,500000,巫山县,500237,10,0,10,0
2021-01-09,中国,CN,重庆市,500000,巫溪县,500238,14,0,14,0
2021-01-09,中国,CN,重庆市,500000,石柱土家族自治县,500240,15,0,15,0
2021-01-09,中国,CN,重庆市,500000,秀山土家族苗族自治县,500241,1,0,1,0
2021-01-09,中国,CN,重庆市,500000,酉阳土家族苗族自治县,500242,1,0,1,0
2021-01-09,中国,CN,重庆市,500000,彭水苗族土家族自治县,500243,2,0,2,0
2021-01-09,中国,CN,重庆市,500000,万盛经开区,5002f0,1,0,1,0
2021-01-09,中国,CN,四川省,510000,,,857,0,829,3
2021-01-09,中国,CN,四川省,510000,境外输入,5100y0,0,0,0,0
2021-01-09,中国,CN,四川省,510000,成都市,510100,460,0,432,3
2021-01-09,中国,CN,四川省,510000,自贡市,510300,9,0,9,0
2021-01-09,中国,CN,四川省,510000,攀枝花市,510400,16,0,16,0
2021-01-09,中国,CN,四川省,510000,泸州市,510500,24,0,24,0
2021-01-09,中国,CN,四川省,510000,德阳市,510600,18,0,18,0
2021-01-09,中国,CN,四川省,510000,绵阳市,510700,22,0,22,0
2021-01-09,中国,CN,四川省,510000,广元市,510800,6,0,6,0
2021-01-09,中国,CN,四川省,510000,遂宁市,510900,17,0,17,0
2021-01-09,中国,CN,四川省,510000,内江市,511000,22,0,22,0
2021-01-09,中国,CN,四川省,510000,乐山市,511100,3,0,3,0
2021-01-09,中国,CN,四川省,510000,南充市,511300,39,0,39,0
2021-01-09,中国,CN,四川省,510000,眉山市,511400,8,0,8,0
2021-01-09,中国,CN,四川省,510000,宜宾市,511500,12,0,12,0
2021-01-09,中国,CN,四川省,510000,广安市,511600,30,0,30,0
2021-01-09,中国,CN,四川省,510000,达州市,511700,42,0,42,0
2021-01-09,中国,CN,四川省,510000,雅安市,511800,8,0,8,0
2021-01-09,中国,CN,四川省,510000,巴中市,511900,24,0,24,0
2021-01-09,中国,CN,四川省,510000,资阳市,512000,4,0,4,0
2021-01-09,中国,CN,四川省,510000,阿坝藏族羌族自治州,513200,1,0,1,0
2021-01-09,中国,CN,四川省,510000,甘孜藏族自治州,513300,78,0,78,0
2021-01-09,中国,CN,四川省,510000,凉山彝族自治州,513400,14,0,14,0
2021-01-09,中国,CN,贵州省,520000,,,147,0,145,2
2021-01-09,中国,CN,贵州省,520000,境外输入,5200y0,1,0,1,0
2021-01-09,中国,CN,贵州省,520000,贵阳市,520100,36,0,35,1
2021-01-09,中国,CN,贵州省,520000,六盘水市,520200,10,0,9,1
2021-01-09,中国,CN,贵州省,520000,遵义市,520300,32,0,32,0
2021-01-09,中国,CN,贵州省,520000,安顺市,520400,4,0,4,0
2021-01-09,中国,CN,贵州省,520000,毕节市,520500,23,0,23,0
2021-01-09,中国,CN,贵州省,520000,铜仁市,520600,10,0,10,0
2021-01-09,中国,CN,贵州省,520000,黔西南布依族苗族自治州,522300,4,0,4,0
2021-01-09,中国,CN,贵州省,520000,黔东南苗族侗族自治州,522600,10,0,10,0
2021-01-09,中国,CN,贵州省,520000,黔南布依族苗族自治州,522700,17,0,17,0
2021-01-09,中国,CN,云南省,530000,,,230,0,219,2
2021-01-09,中国,CN,云南省,530000,境外输入,5300y0,56,0,47,0
2021-01-09,中国,CN,云南省,530000,昆明市,530100,53,0,53,0
2021-01-09,中国,CN,云南省,530000,曲靖市,530300,13,0,13,0
2021-01-09,中国,CN,云南省,530000,玉溪市,530400,14,0,13,1
2021-01-09,中国,CN,云南省,530000,保山市,530500,9,0,9,0
2021-01-09,中国,CN,云南省,530000,昭通市,530600,25,0,25,0
2021-01-09,中国,CN,云南省,530000,丽江市,530700,7,0,7,0
2021-01-09,中国,CN,云南省,530000,普洱市,530800,4,0,4,0
2021-01-09,中国,CN,云南省,530000,临沧市,530900,1,0,1,0
2021-01-09,中国,CN,云南省,530000,楚雄彝族自治州,532300,4,0,4,0
2021-01-09,中国,CN,云南省,530000,红河哈尼族彝族自治州,532500,9,0,9,0
2021-01-09,中国,CN,云南省,530000,文山壮族苗族自治州,532600,2,0,2,0
2021-01-09,中国,CN,云南省,530000,西双版纳傣族自治州,532800,15,0,14,1
2021-01-09,中国,CN,云南省,530000,大理白族自治州,532900,13,0,13,0
2021-01-09,中国,CN,云南省,530000,德宏傣族景颇族自治州,533100,5,0,5,0
2021-01-09,中国,CN,云南省,530000,怒江傈僳族自治州,533300,0,0,0,0
2021-01-09,中国,CN,云南省,530000,迪庆藏族自治州,533400,0,0,0,0
2021-01-09,中国,CN,西藏自治区,540000,,,1,0,1,0
2021-01-09,中国,CN,西藏自治区,540000,境外输入,5400y0,0,0,0,0
2021-01-09,中国,CN,西藏自治区,540000,拉萨市,540100,1,0,1,0
2021-01-09,中国,CN,西藏自治区,540000,日喀则市,540200,0,0,0,0
2021-01-09,中国,CN,西藏自治区,540000,昌都市,540300,0,0,0,0
2021-01-09,中国,CN,西藏自治区,540000,林芝市,540400,0,0,0,0
2021-01-09,中国,CN,西藏自治区,540000,山南市,540500,0,0,0,0
2021-01-09,中国,CN,西藏自治区,540000,那曲,542400,0,0,0,0
2021-01-09,中国,CN,西藏自治区,540000,阿里地区,542500,0,0,0,0
2021-01-09,中国,CN,陕西省,610000,,,521,0,494,3
2021-01-09,中国,CN,陕西省,610000,境外输入,6100y0,276,0,252,0
2021-01-09,中国,CN,陕西省,610000,西安市,610100,120,0,117,3
2021-01-09,中国,CN,陕西省,610000,铜川市,610200,8,0,8,0
2021-01-09,中国,CN,陕西省,610000,宝鸡市,610300,13,0,13,0
2021-01-09,中国,CN,陕西省,610000,咸阳市,610400,17,0,17,0
2021-01-09,中国,CN,陕西省,610000,渭南市,610500,15,0,15,0
2021-01-09,中国,CN,陕西省,610000,延安市,610600,8,0,8,0
2021-01-09,中国,CN,陕西省,610000,汉中市,610700,26,0,26,0
2021-01-09,中国,CN,陕西省,610000,榆林市,610800,3,0,3,0
2021-01-09,中国,CN,陕西省,610000,安康市,610900,26,0,26,0
2021-01-09,中国,CN,陕西省,610000,杨凌示范区,610d12,1,0,1,0
2021-01-09,中国,CN,陕西省,610000,商洛市,611000,7,0,7,0
2021-01-09,中国,CN,陕西省,610000,韩城,715400,1,0,1,0
2021-01-09,中国,CN,甘肃省,620000,,,182,0,180,2
2021-01-09,中国,CN,甘肃省,620000,境外输入,6200y0,90,0,90,0
2021-01-09,中国,CN,甘肃省,620000,兰州市,620100,37,0,35,2
2021-01-09,中国,CN,甘肃省,620000,嘉峪关市,620200,0,0,0,0
2021-01-09,中国,CN,甘肃省,620000,金昌市,620300,1,0,1,0
2021-01-09,中国,CN,甘肃省,620000,白银市,620400,4,0,4,0
2021-01-09,中国,CN,甘肃省,620000,天水市,620500,12,0,12,0
2021-01-09,中国,CN,甘肃省,620000,武威市,620600,0,0,0,0
2021-01-09,中国,CN,甘肃省,620000,张掖市,620700,2,0,2,0
2021-01-09,中国,CN,甘肃省,620000,平凉市,620800,9,0,9,0
2021-01-09,中国,CN,甘肃省,620000,酒泉市,620900,0,0,0,0
2021-01-09,中国,CN,甘肃省,620000,庆阳市,621000,3,0,3,0
2021-01-09,中国,CN,甘肃省,620000,定西市,621100,9,0,9,0
2021-01-09,中国,CN,甘肃省,620000,陇南市,621200,4,0,4,0
2021-01-09,中国,CN,甘肃省,620000,临夏回族自治州,622900,3,0,3,0
2021-01-09,中国,CN,甘肃省,620000,甘南藏族自治州,623000,8,0,8,0
2021-01-09,中国,CN,青海省,630000,,,18,0,18,0
2021-01-09,中国,CN,青海省,630000,境外输入,6300y0,0,0,0,0
2021-01-09,中国,CN,青海省,630000,西宁市,630100,15,0,15,0
2021-01-09,中国,CN,青海省,630000,海东市,630200,0,0,0,0
2021-01-09,中国,CN,青海省,630000,海北藏族自治州,632200,3,0,3,0
2021-01-09,中国,CN,青海省,630000,黄南藏族自治州,632300,0,0,0,0
2021-01-09,中国,CN,青海省,630000,海南藏族自治州,632500,0,0,0,0
2021-01-09,中国,CN,青海省,630000,果洛藏族自治州,632600,0,0,0,0
2021-01-09,中国,CN,青海省,630000,玉树藏族自治州,632700,0,0,0,0
2021-01-09,中国,CN,青海省,630000,海西蒙古族藏族自治州,632800,0,0,0,0
2021-01-09,中国,CN,宁夏回族自治区,640000,,,75,0,75,0
2021-01-09,中国,CN,宁夏回族自治区,640000,宁东管委会,6400xz,1,0,1,0
2021-01-09,中国,CN,宁夏回族自治区,640000,境外输入,6400y0,0,0,0,0
2021-01-09,中国,CN,宁夏回族自治区,640000,银川市,640100,36,0,36,0
2021-01-09,中国,CN,宁夏回族自治区,640000,石嘴山市,640200,1,0,1,0
2021-01-09,中国,CN,宁夏回族自治区,640000,吴忠市,640300,28,0,28,0
2021-01-09,中国,CN,宁夏回族自治区,640000,固原市,640400,5,0,5,0
2021-01-09,中国,CN,宁夏回族自治区,640000,中卫市,640500,4,0,4,0
2021-01-09,中国,CN,新疆维吾尔自治区,650000,,,980,0,977,3
2021-01-09,中国,CN,新疆维吾尔自治区,650000,第九师,6500x1,4,0,3,1
2021-01-09,中国,CN,新疆维吾尔自治区,650000,第七师,6500x2,1,0,1,0
2021-01-09,中国,CN,新疆维吾尔自治区,650000,未公布来源,6500xx,1,0,1,0
2021-01-09,中国,CN,新疆维吾尔自治区,650000,境外输入,6500y0,0,0,0,0
2021-01-09,中国,CN,新疆维吾尔自治区,650000,乌鲁木齐市,650100,845,0,845,0
2021-01-09,中国,CN,新疆维吾尔自治区,650000,克拉玛依市,650200,0,0,0,0
2021-01-09,中国,CN,新疆维吾尔自治区,650000,吐鲁番市,650400,3,0,3,0
2021-01-09,中国,CN,新疆维吾尔自治区,650000,哈密市,650500,0,0,0,0
2021-01-09,中国,CN,新疆维吾尔自治区,650000,第十二师,650d84,3,0,3,0
2021-01-09,中国,CN,新疆维吾尔自治区,650000,第四师,650ee6,10,0,9,1
2021-01-09,中国,CN,新疆维吾尔自治区,650000,昌吉回族自治州,652300,5,0,5,0
2021-01-09,中国,CN,新疆维吾尔自治区,650000,博尔塔拉蒙古自治州,652700,0,0,0,0
2021-01-09,中国,CN,新疆维吾尔自治区,650000,巴音郭楞蒙古自治州,652800,3,0,3,0
2021-01-09,中国,CN,新疆维吾尔自治区,650000,阿克苏地区,652900,1,0,1,0
2021-01-09,中国,CN,新疆维吾尔自治区,650000,克孜勒苏柯尔克孜自治州,653000,0,0,0,0
2021-01-09,中国,CN,新疆维吾尔自治区,650000,喀什地区,653100,80,0,80,0
2021-01-09,中国,CN,新疆维吾尔自治区,650000,和田地区,653200,0,0,0,0
2021-01-09,中国,CN,新疆维吾尔自治区,650000,伊犁哈萨克自治州,654000,18,0,18,0
2021-01-09,中国,CN,新疆维吾尔自治区,650000,塔城地区,654200,0,0,0,0
2021-01-09,中国,CN,新疆维吾尔自治区,650000,阿勒泰地区,654300,0,0,0,0
2021-01-09,中国,CN,新疆维吾尔自治区,650000,石河子市,659001,4,0,3,1
2021-01-09,中国,CN,新疆维吾尔自治区,650000,阿拉尔市,659002,0,0,0,0
2021-01-09,中国,CN,新疆维吾尔自治区,650000,图木舒克市,659003,0,0,0,0
2021-01-09,中国,CN,新疆维吾尔自治区,650000,五家渠市,659004,2,0,2,0
2021-01-09,中国,CN,新疆维吾尔自治区,650000,北屯市,659005,0,0,0,0
2021-01-09,中国,CN,新疆维吾尔自治区,650000,铁门关市,659006,0,0,0,0
2021-01-09,中国,CN,新疆维吾尔自治区,650000,双河市,659007,0,0,0,0
2021-01-09,中国,CN,新疆维吾尔自治区,650000,可克达拉市,659008,0,0,0,0
2021-01-09,中国,CN,新疆维吾尔自治区,650000,昆玉市,659009,0,0,0,0
2021-01-09,中国,CN,台湾省,710000,,,825,0,714,7
2021-01-09,中国,CN,台湾省,710000,台湾省,710000,825,0,714,7
2021-01-09,中国,CN,香港特别行政区,810000,,,9152,0,8307,155
2021-01-09,中国,CN,香港特别行政区,810000,香港特别行政区,810000,9152,0,8307,155
2021-01-09,中国,CN,澳门特别行政区,820000,,,46,0,46,0
2021-01-09,中国,CN,澳门特别行政区,820000,澳门特别行政区,820000,46,0,46,0
2021-01-09,哥伦比亚,CO,,,,,1755568,0,1597160,45431
2021-01-09,哥斯达黎加,CR,,,,,177614,0,136083,2305
2021-01-09,古巴,CU,,,,,13823,0,11531,148
2021-01-09,佛得角,CV,,,,,12237,0,11691,114
2021-01-09,塞浦路斯,CY,,,,,26674,0,2057,141
2021-01-09,捷克,CZ,,,,,809601,0,651814,12800
2021-01-09,德国,DE,,,,,1889700,0,1493480,40048
2021-01-09,吉布提,DJ,,,,,5865,0,5772,61
2021-01-09,丹麦,DK,,,,,179170,0,149958,1518
2021-01-09,多米尼克,DM,,,,,105,0,93,0
2021-01-09,多米尼加,DO,,,,,178538,0,135934,2424
2021-01-09,阿尔及利亚,DZ,,,,,101657,0,68802,2798
2021-01-09,厄瓜多尔,EC,,,,,219148,0,190350,14165
2021-01-09,爱沙尼亚,EE,,,,,32537,0,22124,270
2021-01-09,埃及,EG,,,,,147810,0,117529,8085
2021-01-09,厄立特里亚,ER,,,,,1556,0,803,6
2021-01-09,西班牙,ES,,,,,2050360,0,196958,51874
2021-01-09,埃塞俄比亚,ET,,,,,127572,0,113182,1974
2021-01-09,芬兰,FI,,,,,38068,0,31000,586
2021-01-09,斐济,FJ,,,,,53,0,44,2
2021-01-09,福克兰群岛（马尔维纳斯）,FK,,,,,29,0,27,0
2021-01-09,法罗群岛,FO,,,,,644,0,584,1
2021-01-09,法国,FR,,,,,2747135,0,201286,67431
2021-01-09,加蓬,GA,,,,,9694,0,9498,66
2021-01-09,英国,GB,,,,,2957472,0,1364821,79833
2021-01-09,格林纳达,GD,,,,,128,0,123,1
2021-01-09,格鲁吉亚,GE,,,,,236028,0,224189,2728
2021-01-09,法属圭亚那,GF,,,,,13970,0,9995,74
2021-01-09,格恩西岛,GG,,,,,302,0,0,13
2021-01-09,加纳,GH,,,,,55461,0,54164,336
2021-01-09,直布罗陀,GI,,,,,3021,0,1692,12
2021-01-09,格陵兰,GL,,,,,29,0,28,0
2021-01-09,冈比亚,GM,,,,,3838,0,3677,125
2021-01-09,几内亚,GN,,,,,13904,0,13222,81
2021-01-09,瓜德罗普,GP,,,,,8776,0,2242,154
2021-01-09,赤道几内亚,GQ,,,,,5289,0,5154,86
2021-01-09,希腊,GR,,,,,143494,0,9989,5195
2021-01-09,危地马拉,GT,,,,,142064,0,129990,4972
2021-01-09,关岛,GU,,,,,7399,0,7146,124
2021-01-09,几内亚比绍,GW,,,,,2455,0,2398,45
2021-01-09,圭亚那,GY,,,,,6469,0,5990,167
2021-01-09,洪都拉斯,HN,,,,,125118,0,57348,3200
2021-01-09,克罗地亚,HR,,,,,217946,0,207848,4304
2021-01-09,海地,HT,,,,,10203,0,8725,236
2021-01-09,匈牙利,HU,,,,,337743,0,186449,10440
2021-01-09,印度尼西亚,ID,,,,,808340,0,666883,23753
2021-01-09,爱尔兰,IE,,,,,135884,0,23364,2327
2021-01-09,以色列,IL,,,,,477357,0,408753,3596
2021-01-09,英国属地曼岛,IM,,,,,392,0,349,25
2021-01-09,印度,IN,,,,,10432525,0,10055922,150835
2021-01-09,伊拉克,IQ,,,,,601424,0,553025,12877
2021-01-09,伊朗,IR,,,,,1274514,0,1058654,56018
2021-01-09,冰岛,IS,,,,,5867,0,5704,29
2021-01-09,意大利,IT,,,,,2237890,0,1589590,77911
2021-01-09,泽西岛,JE,,,,,2869,0,0,53
2021-01-09,牙买加,JM,,,,,13411,0,11323,307
2021-01-09,约旦,JO,,,,,305163,0,285393,3989
2021-01-09,日本,JP,,,,,274883,0,213737,3963
2021-01-09,肯尼亚,KE,,,,,97954,0,80671,1703
2021-01-09,吉尔吉斯斯坦,KG,,,,,81991,0,77547,1365
2021-01-09,柬埔寨,KH,,,,,386,0,362,0
2021-01-09,科摩罗,KM,,,,,1050,0,802,16
2021-01-09,圣基茨和尼维斯,KN,,,,,34,0,31,0
2021-01-09,韩国,KR,,,,,67358,0,48369,1081
2021-01-09,科威特,KW,,,,,153473,0,148483,940
2021-01-09,开曼群岛,KY,,,,,359,0,310,2
2021-01-09,哈萨克斯坦,KZ,,,,,160650,0,147512,2262
2021-01-09,老挝,LA,,,,,41,0,40,0
2021-01-09,黎巴嫩,LB,,,,,210139,0,138839,1570
2021-01-09,圣卢西亚,LC,,,,,395,0,309,5
2021-01-09,列支敦士登,LI,,,,,2309,0,2084,48
2021-01-09,斯里兰卡,LK,,,,,47305,0,40317,225
2021-01-09,利比里亚,LR,,,,,1779,0,1406,83
2021-01-09,莱索托,LS,,,,,5170,0,1564,79
2021-01-09,立陶宛,LT,,,,,156539,0,87963,2119
2021-01-09,卢森堡,LU,,,,,47744,0,44482,527
2021-01-09,拉脱维亚,LV,,,,,47782,0,34268,801
2021-01-09,利比亚,LY,,,,,104002,0,79193,1568
2021-01-09,摩洛哥,MA,,,,,450221,0,422072,7685
2021-01-09,摩纳哥,MC,,,,,1041,0,814,4
2021-01-09,摩尔多瓦,MD,,,,,148669,0,137416,3122
2021-01-09,黑山,ME,,,,,51596,0,41516,718
2021-01-09,马达加斯加,MG,,,,,17767,0,17298,262
2021-01-09,北马其顿,MK,,,,,85594,0,66760,2592
2021-01-09,马里,ML,,,,,7512,0,5224,290
2021-01-09,缅甸,MM,,,,,129483,0,112876,2812
2021-01-09,蒙古,MN,,,,,1395,0,896,2
2021-01-09,北马里亚纳,MP,,,,,125,0,29,2
2021-01-09,马提尼克,MQ,,,,,6091,0,98,43
2021-01-09,毛利塔尼亚,MR,,,,,15352,0,13183,382
2021-01-09,蒙特塞拉特,MS,,,,,13,0,12,1
2021-01-09,马耳他,MT,,,,,13967,0,11690,230
2021-01-09,毛里求斯,MU,,,,,539,0,514,10
2021-01-09,马尔代夫,MV,,,,,14040,0,13279,49
2021-01-09,马拉维,MW,,,,,7925,0,5802,208
2021-01-09,墨西哥,MX,,,,,1493569,0,1127471,131031
2021-01-09,马来西亚,MY,,,,,131108,0,105431,537
2021-01-09,莫桑比克,MZ,,,,,20482,0,17479,181
2021-01-09,新喀里多尼亚,NC,,,,,40,0,40,0
2021-01-09,尼日尔,NE,,,,,3747,0,2311,125
2021-01-09,尼日利亚,NG,,,,,97478,0,78552,1342
2021-01-09,尼加拉瓜,NI,,,,,6097,0,4225,166
2021-01-09,荷兰,NL,,,,,858914,0,322,12171
2021-01-09,挪威,NO,,,,,54061,0,46611,472
2021-01-09,尼泊尔,NP,,,,,264159,0,257229,1909
2021-01-09,新西兰,NZ,,,,,2188,0,2101,25
2021-01-09,阿曼,OM,,,,,130070,0,122556,1505
2021-01-09,巴拿马,PA,,,,,269091,0,212656,4321
2021-01-09,秘鲁,PE,,,,,1026690,0,964354,38049
2021-01-09,法属波利尼西亚,PF,,,,,17241,0,4842,122
2021-01-09,巴布亚新几内亚,PG,,,,,799,0,755,9
2021-01-09,菲律宾,PH,,,,,483852,0,449330,9364
2021-01-09,巴基斯坦,PK,,,,,497510,0,453828,10558
2021-01-09,波兰,PL,,,,,1365645,0,1104599,30574
2021-01-09,圣皮埃尔和密克隆,PM,,,,,16,0,15,0
2021-01-09,波多黎各,PR,,,,,139835,0,72747,1592
2021-01-09,巴勒斯坦,PS,,,,,146074,0,128900,1559
2021-01-09,葡萄牙,PT,,,,,466709,0,360181,7590
2021-01-09,巴拉圭,PY,,,,,113994,0,89646,2372
2021-01-09,卡塔尔,QA,,,,,145466,0,142453,246
2021-01-09,留尼汪,RE,,,,,9247,0,8830,42
2021-01-09,罗马尼亚,RO,,,,,663799,0,595007,16506
2021-01-09,塞尔维亚,RS,,,,,356125,0,31536,3513
2021-01-09,俄罗斯,RU,,,,,3355794,0,2731129,60911
2021-01-09,卢旺达,RW,,,,,9368,0,6940,115
2021-01-09,沙特阿拉伯,SA,,,,,363582,0,355208,6282
2021-01-09,塞舌尔,SC,,,,,451,0,269,1
2021-01-09,苏丹,SD,,,,,23316,0,13524,1468
2021-01-09,瑞典,SE,,,,,489471,0,4971,9433
2021-01-09,新加坡,SG,,,,,58836,0,58580,29
2021-01-09,斯洛文尼亚,SI,,,,,136629,0,110925,2947
2021-01-09,斯洛伐克,SK,,,,,201164,0,141490,2788
2021-01-09,塞拉利昂,SL,,,,,2782,0,1976,77
2021-01-09,圣马力诺,SM,,,,,2628,0,2220,64
2021-01-09,塞内加尔,SN,,,,,20672,0,18016,446
2021-01-09,索马里,SO,,,,,4726,0,3639,130
2021-01-09,苏里南,SR,,,,,6750,0,6080,130
2021-01-09,南苏丹,SS,,,,,3589,0,3131,63
2021-01-09,圣多美和普林西比,ST,,,,,1054,0,988,17
2021-01-09,萨尔瓦多,SV,,,,,48255,0,42902,1398
2021-01-09,叙利亚,SY,,,,,12179,0,5889,763
2021-01-09,斯威士兰,SZ,,,,,10975,0,7494,279
2021-01-09,特克斯和凯科斯群岛,TC,,,,,956,0,799,6
2021-01-09,乍得,TD,,,,,2419,0,1938,106
2021-01-09,多哥,TG,,,,,3894,0,3581,72
2021-01-09,泰国,TH,,,,,9841,0,5255,67
2021-01-09,塔吉克斯坦,TJ,,,,,13305,0,13191,90
2021-01-09,东帝汶,TL,,,,,49,0,40,0
2021-01-09,突尼斯,TN,,,,,154903,0,115173,5108
2021-01-09,土耳其,TR,,,,,2307581,0,2182145,22450
2021-01-09,特立尼达和多巴哥,TT,,,,,7219,0,6832,127
2021-01-09,坦桑尼亚,TZ,,,,,509,0,183,21
2021-01-09,乌克兰,UA,,,,,1105169,0,778345,19588
2021-01-09,乌干达,UG,,,,,37296,0,12619,300
2021-01-09,美国,US,,,,,22378109,0,13210327,376949
2021-01-09,乌拉圭,UY,,,,,23807,0,17098,231
2021-01-09,乌兹别克斯坦,UZ,,,,,77485,0,75875,616
2021-01-09,梵蒂冈,VA,,,,,27,0,15,0
2021-01-09,圣文森特和格林纳丁斯,VC,,,,,149,0,100,0
2021-01-09,委内瑞拉,VE,,,,,115322,0,109364,1052
2021-01-09,英属维尔京群岛,VG,,,,,114,0,95,1
2021-01-09,美属维尔京群岛,VI,,,,,2130,0,1967,24
2021-01-09,越南,VN,,,,,1512,0,1357,35
2021-01-09,也门,YE,,,,,2104,0,1405,610
2021-01-09,马约特,YT,,,,,6045,0,2964,56
2021-01-09,南非,ZA,,,,,1192570,0,947919,32425
2021-01-09,赞比亚,ZM,,,,,25326,0,20349,441
2021-01-09,津巴布韦,ZW,,,,,19660,0,12184,468
2021-01-09,纳米比亚,,,,,,27255,0,23177,245
